Shrub.ID,D1,D2,H,Area,Log.area,Volume,Canopy,RDM.2013,Shrub.density,x,y
1,5.1,3.5,1.6,14.02,2.640484882,7.48,7,0.582727909,0.002228318,697267.9637,4062667.19
2,2.6,2.8,1.1,5.72,1.743968805,2.1,10,1.087432742,0.00228031,697272.85,4062667.19
3,2.8,1.6,1.4,3.52,1.25846099,1.64,8,1.551373363,0.002722799,697277.7362,4062676.294
4,3.4,2.9,1.5,7.74,2.046401688,3.87,6,2.562836647,0.002854859,697282.6225,4062685.399
5,2.9,3.6,1.5,8.2,2.104134154,4.1,4,6.442046165,0.003084012,697277.5545,4062695.828
6,2.7,2.6,0.8,5.51,1.706564623,1.47,5,8.628020287,0.002632798,697277.3831,4062707.147
7,2.3,1.7,1,3.07,1.121677562,1.02,6,9.759580612,0.002537653,697283.7757,4062712.956
8,2.5,2.6,1.6,5.11,1.631199404,2.72,3,7.915065289,0.002854859,697286.3443,4062702.358
9,2.9,2.3,1.1,5.24,1.656321498,1.92,6,5.027719975,0.002469915,697285.1241,4062697.113
10,3.1,3.6,1.8,8.77,2.171336806,5.26,7,6.834246159,0.002015125,697271.0511,4062725.873
11,2.5,2.8,1,5.5,1.704748092,1.83,2,4.18708849,0.001638502,697290.0735,4062730.641
12,1.5,1.3,0.8,1.53,0.425267735,0.41,8,5.409973621,0.001698039,697267.3357,4062755.205
13,2.2,2.2,1.3,3.8,1.335001067,1.65,8,6.942149162,0.002104711,697269.3575,4062760.58
14,2,2.3,1.3,3.61,1.283707772,1.57,9,6.150328636,0.00311926,697256.9193,4062761.07
15,5.2,4.1,1.8,16.74,2.817801065,10.05,3,2.945753574,0.003434217,697242.3519,4062760.846
16,3.1,3.5,1.5,8.52,2.142416341,4.26,3,5.599879742,0.003740633,697231.8127,4062775.922
17,4.78,6.2,2.15,23.28,3.147594623,16.68,4.5,6.290275097,0.003313889,697231.4835,4062770.808
18,4,3.5,1.8,11,2.397895273,6.6,5,2.876213789,0.002816746,697232.4282,4062764.724
19,5,4.7,1.8,18.46,2.915606229,11.07,6,2.367727041,0.00095162,697232.641,4062724.433
20,5.5,6.4,2,27.65,3.319625728,18.43,4,1.968562722,0.00095162,697229.1387,4062705.702
21,2.1,1.7,1.8,2.8,1.029619417,1.68,5,1.968562722,0.00095162,697229.1387,4062705.702
22,3.3,3.1,1.5,8.03,2.083184528,4.02,9,0.057823014,0.001586033,697256.5415,4062657.156
23,4.3,3.6,1.4,12.16,2.498151877,5.67,8,1.021729708,0.001586033,697262.7917,4062641.981
24,4.7,3.1,1.5,11.44,2.437115986,5.72,5,1.086491108,0.000634413,697273.7192,4062621.696
25,4.3,3.8,1.5,12.83,2.551786179,6.42,8,3.84706831,0.003074172,697274.4857,4062790.227
26,2.7,2.7,1,5.73,1.745715531,1.91,8,12.5200386,0.001347118,697294.3511,4062773.922
27,4.1,3.7,1.2,11.91,2.477378383,4.77,7,6.825844765,0.001644435,697288.0088,4062793.092
28,3.6,3.6,1.2,10.18,2.320425011,4.07,8,2.930839062,0.0023581,697279.9437,4062801.676
29,2.6,2.4,1.2,4.9,1.589235205,1.96,0,3.717809916,0.002396541,697295.7642,4062813.474
30,4.7,3.9,1.5,14.4,2.667228207,7.2,7,4.678003788,0.001509251,697304.8397,4062827.005
31,5.3,4.3,1.8,17.9,2.884800713,10.74,7,10.89518738,0.002467377,697307.8978,4062837.843
32,2.9,2.9,1.1,6.61,1.888583654,2.42,10,5.155793667,0.002468585,697309.6923,4062845.322
33,2.3,2.3,1.2,4.15,1.423108334,1.66,9,7.42775631,0.003726622,697267.4642,4062819.483
34,2.2,2.4,1,4.15,1.423108334,1.38,7,9.571037292,0.004000547,697265.9882,4062833.103
35,1.5,1.7,1,2,0.693147181,0.67,10,10.96361828,0.003916183,697262.825,4062834.584
36,1,0.6,0.7,0.47,1.1,0.11,10,9.775492668,0.003839922,697264.0633,4062831.282
37,4.1,3.5,1.7,11.27,2.422144328,6.39,8,11.54685307,0.004023789,697268.661,4062837.383
38,3.2,2.6,1.2,6.53,1.876406943,2.61,8,11.28787327,0.003954075,697275.0461,4062835.754
39,1.7,2.1,1.1,2.8,1.029619417,1.03,7,12.60861397,0.005116056,697280.0624,4062846.971
40,2,2,0.7,3.14,1.1442228,0.73,9,15.45697021,0.004440892,697260.4045,4062846.518
41,5.7,6.6,3.6,29.55,3.386083744,35.46,10,13.43883324,0.002905194,697238.1376,4062839.011
42,2.9,2.7,1.3,6.15,1.816452082,2.66,2,15.29260826,0.002853528,697240.4505,4062839.508
43,4.2,4.3,1.5,14.18,2.651832521,7.09,5,7.375297546,0.002222338,697224.9314,4062818.503
44,4.4,3.4,2,11.75,2.463853241,7.83,4,6.674341202,0.002533491,697225.598,4062808.971
45,2.2,2.1,1.5,3.63,1.289232648,1.81,6,5.76249361,0.002778411,697222.2971,4062804.788
46,3.2,3.3,1.9,8.29,2.115049969,5.25,6,5.901783943,0.003096005,697221.1304,4062801.097
47,3.7,2.8,1.3,8.14,2.09679018,3.53,8,5.302103043,0.004177536,697249.4634,4062805.303
48,4,4.4,1.1,13.82,2.626116818,5.07,6,5.170566082,0.003873859,697251.6849,4062790.367
49,3,2.6,0.9,6.13,1.81319475,1.84,7,5.038375378,0.00404829,697248.139,4062781.294
50,4.5,3.6,1.8,12.72,2.543175558,7.63,5,5.605894566,0.004410059,697244.2864,4062785.535
51,3.5,3.6,1.6,9.9,2.292534757,5.28,5,7.529345512,0.003913649,697238.1413,4062788.39
52,5.9,6.6,2.1,30.58,3.420346201,21.41,7,2.609852791,0.001785428,697205.2308,4062781.082
53,4.1,4,0.9,12.88,2.555675721,3.86,4,12.70313835,0.004771152,697279.5057,4062851.731
54,2,2.8,0.8,4.4,1.481604541,1.17,7,12.172822,0.004428287,697286.7713,4062858.448
55,3.9,2.7,1.5,8.27,2.112634509,4.14,7,8.852051735,0.003172066,697305.4692,4062861.765
56,4.6,3.7,1.5,13.37,2.593013391,6.68,4,12.25582027,0.003172066,697313.9191,4062875.281
57,2,2.2,0.8,3.46,1.241268589,0.92,5,15.69738674,0.003935664,697288.7237,4062878.475
58,2.4,3.4,1,6.41,1.857859271,2.14,5,15.22667122,0.004036642,697287.5136,4062876.671
59,5.4,2.7,1.1,11.45,2.43798973,4.2,3,13.77204323,0.004300586,697282.326,4062876.773
60,3.1,2.3,1.3,5.6,1.722766598,2.43,6,9.003207207,0.004524138,697268.9616,4062863.144
61,2.8,2.7,1,5.94,1.781709133,1.98,9,10.84455204,0.002696012,697261.3964,4062888.835
62,3.2,2.7,1.2,6.79,1.915450942,2.71,4,7.422729492,0.002293868,697261.1128,4062897.265
63,2.9,2.5,1.2,5.69,1.738710248,2.28,7,12.97734451,0.002854859,697299.3128,4062896.148
64,2.4,2.2,1.1,4.15,1.423108334,1.52,5,14.03380394,0.002854859,697297.5028,4062897.105
65,3.6,4.1,1.7,11.59,2.450142657,6.57,7,12.94705009,0.002828915,697302.259,4062896.327
66,2.3,2.3,0.8,4.15,1.423108334,1.11,3,8.495334625,0.002371172,697287.7781,4062911.756
67,5.2,4.7,1.6,19.2,2.954910279,10.24,4,9.797991753,0.002763864,697279.9583,4062913.574
68,1.5,3.1,1.4,3.65,1.294727168,1.7,3,5.119946957,0.002506128,697275.4443,4062927.124
69,7.5,7.9,2.1,46.53,3.840097266,32.57,5,3.962082148,0.002686502,697256.7772,4062922.476
70,3.6,2.5,1,7.07,1.95586048,2.36,10,2.100498438,0.002727139,697248.2473,4062939.597
71,3.6,4,1.2,11.31,2.42568729,4.52,9,4.573806286,0.002547752,697250.1234,4062951.296
72,3.9,3.1,1.5,9.5,2.251291799,4.75,7,5.376422882,0.002289223,697254.2438,4062954.832
73,5.1,3.2,1.4,12.82,2.551006451,5.98,7,13.28024864,0.002888387,697272.3853,4062947.369
74,2.3,1,0.8,1.81,0.593326845,0.48,3,12.20398426,0.002419694,697276.4801,4062952.015
75,6.8,5.4,1.2,28.84,3.361763312,11.54,8,13.5177002,0.001317582,697287.9606,4062954.277
76,4.3,2.6,1.1,8.78,2.172476408,3.22,8,14.25236702,0.002093863,697258.7903,4062967.037
77,3.5,4.9,1.5,13.47,2.60046499,6.73,4,6.470889568,0.000928891,697228.6076,4063039.275
78,4.9,4.2,1.7,16.16,2.782539053,9.16,5,4.653241634,0.00084172,697199.4941,4063041.824
79,6.1,5.6,1.9,26.83,3.289520664,16.99,5,3.975512266,0.000905389,697226.7345,4063008.038
80,2,2,1,3.14,1.1442228,1.05,3,1.976987123,0.000634413,697199.9314,4063003.425
81,4.6,3.7,1.5,13.37,2.593013391,6.68,8,2.915455818,0.000535703,697208.3238,4062965.097
82,6.2,5.3,1.2,25.81,3.250762014,10.32,6,3.901022434,0.001477901,697231.6607,4062945.542
83,6.7,5.3,1.5,27.89,3.328268202,13.94,5,13.32035637,0.001268826,697241.3248,4062898.586
84,8.3,6.7,2,43.68,3.776890331,29.12,6,2.728655815,0.001886363,697240.5495,4062866.264
85,3.6,3.5,1.5,9.9,2.292534757,4.95,10,6.003079414,0.002250239,697205.5505,4063112.677
86,4.4,4.1,1.3,14.17,2.651127054,6.14,5,8.59671402,0.001268826,697270.066,4063075.199
87,1.7,1.3,0.9,1.74,0.553885113,0.52,6,7.71275425,0.001586033,697261.432,4063077.442
88,3.3,1.5,0.9,3.89,1.358409158,1.17,6,8.392770767,0.001586033,697259.9282,4063080.627
89,3.7,2.2,1,6.39,1.854734268,2.13,5,9.879372597,0.001586033,697249.1905,4063088.816
90,2.6,2.7,0.9,5.51,1.706564623,1.65,0,9.567908287,0.001757444,697247.5486,4063101.878
91,4.6,4,1.4,14.45,2.670694415,6.74,8,10.05420399,0.001216365,697254.0757,4063125.118
92,2.9,2.6,1.4,5.92,1.778336449,2.76,0,7.443191051,0.001698946,697231.8194,4063128.824
93,2.1,2.5,1.3,4.12,1.415853163,1.79,7,5.726096153,0.002220446,697209.0222,4063124.968
94,3.5,2.1,1.1,5.77,1.752672081,2.12,6,6.229221821,0.002329813,697201.5678,4063122.576
95,3.2,3.1,1.4,7.79,2.05284086,3.64,4,5.425414085,0.002537653,697196.314,4063121.678
96,2.8,2.5,1.2,5.5,1.704748092,2.2,1,4.119497299,0.002278548,697195.8899,4063136.211
97,2.8,3.4,1.4,7.48,2.012232792,3.49,7,4.913752079,0.002581675,697188.9229,4063139.824
98,3.5,3,1.6,8.25,2.1102132,4.4,4,6.609622002,0.001200747,697235.416,4063147.334
99,4.2,2.3,1.2,7.59,2.026831591,3.03,3,8.315073013,0.001268826,697233.1639,4063163.601
100,3.9,3.8,1.7,11.64,2.454447442,6.6,3,7.224388123,0.002127246,697169.1021,4063150.358
101,2.7,2,1.5,4.24,1.444563269,2.12,5,6.63598156,0.002516638,697165.0199,4063156.813
102,4.1,0,1.7,1.1,0.09531018,0,2,3.089294195,0.002796134,697145.4014,4063135.269
103,5.6,3.2,1.6,14.07,2.644044871,7.51,5,3.198038101,0.001329465,697135.1441,4063118.715
104,3,2.6,1.4,6.13,1.81319475,2.86,6,7.605391979,0.001257895,697130.4851,4063115.277
105,4.7,4.8,1.7,17.72,2.874693945,10.04,2,4.051228523,0.001723623,697158.5746,4063118.366
106,4.3,4.1,1.9,13.85,2.628285233,8.77,6,5.883913517,0.001903975,697169.1666,4063116.501
107,3.6,4.5,2,12.72,2.543175558,8.48,7,3.174701452,0.0020481,697182.7586,4063096.943
108,4.1,2.3,0.7,7.41,2.002830439,1.73,0,2.497557402,0.00095162,697189.6238,4063074.456
109,3.9,3.7,1.9,11.33,2.427454075,7.18,6,4.868175983,0.001093081,697181.4648,4063067.718
110,3.8,4,1.7,11.94,2.479894108,6.76,8,13.50354576,0.001268826,697215.8548,4063185.404
111,4.11,3.8,1.5,12.27,2.507157259,6.13,6,8.58039856,0.001268826,697224.2384,4063186.263
112,3.49,3.3,1.25,9.05,2.202764758,3.77,3,11.61568165,0.002220446,697201.1067,4063193.057
113,2.42,2.25,1,4.28,1.45395301,1.43,4,11.83094978,0.002460258,697188.2423,4063212.076
114,3.2,3.1,1.55,7.79,2.05284086,4.03,6,3.505025387,0.003381555,697181.3242,4063205.811
115,2.5,2.45,1.4,4.81,1.570697084,2.24,7,4.495587349,0.003525982,697175.7921,4063205.351
116,2.28,2,0.95,3.58,1.2753628,1.13,4,4.420042038,0.003303636,697179.92,4063208.554
117,4.1,3.5,1.11,11.27,2.422144328,4.17,4,8.240912437,0.003489272,697166.1396,4063213.01
118,5.2,3.8,1.23,15.52,2.742129515,6.36,5,9.559895515,0.003104055,697161.442,4063226.778
119,3.2,3.15,1.25,7.92,2.069391206,3.3,6,5.557690144,0.00483802,697156.2218,4063205.011
120,3.45,3.15,1.05,8.54,2.144761008,2.99,7,2.732089043,0.003701223,697164.2993,4063195.872
121,4.2,3.9,1,12.86,2.554121719,4.29,5,2.952770233,0.003717434,697162.0938,4063186.83
122,1.78,1.67,0.95,2.33,0.845868268,0.74,4,3.65478301,0.003781761,697157.8407,4063185.177
123,4.45,3.2,1.73,11.18,2.414126468,6.45,7,12.34423256,0.004440892,697144.2846,4063207.067
124,2.65,2.48,1.74,5.16,1.640936579,2.99,3,3.395221472,0.003313209,697131.4946,4063211.213
125,3.76,2.97,1.02,8.77,2.171336806,2.98,6,3.146802664,0.003282528,697129.654,4063213.502
126,2.53,2.53,0.91,5.03,1.615419984,1.52,4,2.52179575,0.003250698,697131.5584,4063216.21
127,4.14,2.88,1,9.36,2.23644529,3.12,3,6.244924068,0.003489272,697136.6307,4063228.871
128,3.42,2.56,1.16,6.88,1.928618652,2.66,5,2.003823042,0.003321786,697126.1002,4063224.188
129,5.1,3.63,1.49,14.54,2.676903472,7.22,7,0.596529424,0.003795987,697115.659,4063223.392
130,5.53,4.34,0.97,18.85,2.936512914,6.09,5,1.766556144,0.003173152,697113.4762,4063236.663
131,2.46,1.02,0.89,1.97,0.678033543,0.58,5,2.964588165,0.003880251,697105.6286,4063239.702
132,3.4,2.3,0.97,6.14,1.814824742,1.99,5,2.647430658,0.002794793,697113.716,4063245.661
133,2.8,3.3,0.89,7.26,1.982379829,2.15,6,1.348756433,0.003279851,697104.0406,4063254.319
134,3,2.9,1.45,6.83,1.921324674,3.3,5,0.459372491,0.003992372,697090.7452,4063264.891
135,3.4,3.7,0.82,9.88,2.290512512,2.7,6,0.212037951,0.004088613,697087.5312,4063256.936
136,1.9,2,0.64,2.98,1.091923301,0.64,4,0.137882471,0.004137717,697081.7439,4063255.914
137,2.5,3,1.4,5.89,1.773255998,2.75,4,0.270474195,0.004295069,697081.2665,4063261.121
138,0.65,0.7,0.93,0.36,1.1,0.11,2,0.560421169,0.004707104,697077.7384,4063266.812
139,2.8,3.45,0.97,7.59,2.026831591,2.45,7,0.891864777,0.005364235,697073.5415,4063270.49
140,3.8,4.8,1.12,14.33,2.662355242,5.35,6,0,0.00498257,697066.6209,4063252.68
141,2.25,1,0.77,1.77,0.570979547,0.45,5,0.031190122,0.004980423,697077.6033,4063241.61
142,4.3,4.05,1.4,13.68,2.615934912,6.38,5,0,0.005648811,697056.0267,4063227.459
143,2.15,2.1,1.07,3.55,1.266947603,1.26,3,0,0.005126265,697061.2014,4063224.026
144,1.67,1.55,2.53,2.03,0.708035793,1.71,4,0,0.005667009,697062.3323,4063221.498
145,2.88,4.9,1.24,11.08,2.405141681,4.58,4,1.078570843,0.004983255,697061.0891,4063209.481
146,4.4,3.8,1.5,13.13,2.574899688,6.57,3,0.675124645,0.004200798,697055.0516,4063203.791
147,5.5,3.8,1.6,16.41,2.797890905,8.75,4,1.665714383,0.004846314,697064.9364,4063201.576
148,3.4,3.8,1.1,10.15,2.317473705,3.72,5,0.020625416,0.004555604,697074.5555,4063210.901
149,4,3.9,1.6,12.25,2.505525937,6.53,6,0.033863541,0.004129209,697079.9471,4063217.464
150,2.53,2.72,1.46,5.4,1.686398954,2.63,4,0.063749246,0.004587358,697082.237,4063222.845
151,2.3,1.75,1.27,3.16,1.150572028,1.34,3,0.05617962,0.003389124,697086.5872,4063208.625
152,4.22,3.73,1.82,12.36,2.514465452,7.5,5,0.233696416,0.003031092,697090.6054,4063208.828
153,3.75,2.65,1.55,7.8,2.054123734,4.03,1,0.242893651,0.002655776,697098.6138,4063206.57
154,3.3,4.37,1.53,11.33,2.427454075,5.78,4,2.26227808,0.001345626,697124.0994,4063179.072
155,5.5,5.2,1.9,22.46,3.111735949,14.23,7,3.773242474,0.003443649,697133.2589,4063192.826
156,4.26,3.95,1.43,13.22,2.581730834,6.3,5,2.524341345,0.002200743,697130.52,4063172.004
157,5.42,5.09,1.59,21.67,3.075928816,11.48,5,4.557208538,0.002115085,697133.1548,4063158.521
158,3.82,2.49,1.33,7.47,2.010894999,3.31,0,5.079460621,0.002220446,697149.4015,4063151.791
159,2.5,2.2,1.3,4.32,1.463255402,1.87,8,5.875579834,0.002854859,697159.6102,4063166.569
160,3.8,4,1.12,11.94,2.479894108,4.46,5,1.478896976,0.005459402,697070.9656,4063277.535
161,3.4,3.5,1.72,9.35,2.235376343,5.36,5,2.508885622,0.003263702,697083.4438,4063286.925
162,2.8,2.8,0.97,6.16,1.818076778,1.99,5,3.666121006,0.001783083,697082.5298,4063299.448
163,4.3,4.1,1.63,13.85,2.628285233,7.52,4,4.350525379,0.003151313,697068.844,4063295.914
164,5,4.75,1.17,18.65,2.925846146,7.27,6,3.387563467,0.003948579,697051.6022,4063291.521
165,4.6,3.9,2.15,14.09,2.645465326,10.1,5,4.364216328,0.004146194,697049.7335,4063283.374
166,3.3,2.3,0.97,5.96,1.785070481,1.93,5,3.403878212,0.004938121,697053.0651,4063270.684
167,3.8,2.7,0.97,8.06,2.086913557,2.61,4,2.730338097,0.004771771,697049.2256,4063270.485
168,5.4,3.5,0.94,14.84,2.697326238,4.65,7,1.064097762,0.004684798,697051.1199,4063261.981
169,4.9,3.7,1.45,14.24,2.656054906,6.88,7,1.801912665,0.005205011,697042.1313,4063264.105
170,4,2.7,0.89,8.48,2.13771045,2.52,4,1.473559976,0.004805035,697037.4442,4063269.659
171,2.9,2.3,0.97,5.24,1.656321498,1.69,4,3.081497192,0.00459487,697038.6108,4063281.12
172,4.5,3.3,1.37,11.66,2.456164181,5.33,5,2.735991478,0.003742403,697042.0877,4063297.074
173,4,2.6,1.19,8.17,2.100468909,3.24,4,2.330767155,0.002424484,697028.458,4063310.526
174,1.7,1.5,0.94,2,0.693147181,0.63,3,0.864347756,0.004263199,697018.7701,4063288.656
175,2.5,2.2,1.12,4.32,1.463255402,1.61,2,0.288774461,0.004462854,697015.9467,4063279.266
176,2.8,2.4,1.14,5.28,1.663926098,2.01,5,0.475138754,0.004758099,697016.5262,4063273.507
177,3.1,2.9,1.45,7.06,1.954445052,3.41,6,0.311085224,0.003741312,697007.5708,4063281.959
178,5.8,4.7,1.75,21.41,3.063858103,12.49,4,0.134629294,0.003993359,697014.0779,4063298.316
179,3.1,2.8,0.98,6.82,1.919859472,2.23,4,0.112894788,0.003614545,697009.9449,4063299.22
180,5.2,3.9,1.24,15.93,2.768204124,6.58,5,0.132775903,0.003973247,696995.1052,4063303.097
181,2.9,3,1.34,6.83,1.921324674,3.05,4,0.410816878,0.00318071,696996.5603,4063286.479
182,4.9,3,1.9,11.55,2.446685437,7.31,7,0.017785169,0.002982739,696978.5424,4063276.962
183,4.3,3.3,1.7,11.14,2.410542234,6.32,5,0.007797989,0.002491624,696983.9314,4063244.782
184,3,3.9,1.71,9.19,2.218115936,5.24,5,0,0.003839893,696996.7978,4063252.849
185,4.6,4.8,2.05,17.34,2.853015971,11.85,5,0,0.00443993,697005.0435,4063255.814
186,2.4,2.3,1.42,4.34,1.467874348,2.05,3,0,0.003220405,696996.328,4063234.41
187,2.8,2.3,1.28,5.06,1.621366483,2.16,3,0,0.004057215,697002.4702,4063235.551
188,4.07,3.3,1.99,10.55,2.35612586,7,7,0.273651898,0.005516039,697026.9189,4063253.098
189,2.1,1.63,1.11,2.69,0.989541194,0.99,5,0.206726596,0.004928773,697021.4558,4063249.642
190,5,4.6,1.48,18.06,2.893699548,8.91,7,0,0.004352856,697018.1881,4063244.016
191,3.9,3.1,1.23,9.5,2.251291799,3.89,3,0.129655585,0.003320572,696999.2357,4063224.597
192,4.2,1.6,1.77,5.28,1.663926098,3.11,5,0,0.004096943,697022.454,4063233.457
193,3.32,2.9,1,7.56,2.02287119,2.52,5,0,0.004201631,697026.5079,4063232.108
194,2.2,1.84,1.13,3.18,1.156881197,1.2,3,0,0.004122969,697029.6837,4063237.842
195,3.25,2.5,1.34,6.38,1.853168097,2.85,3,0,0.004644572,697024.7695,4063226.073
196,3.7,3.05,0.83,8.86,2.181546765,2.45,2,0,0.0045802,697035.637,4063212.225
197,2.9,3.6,1.5,8.2,2.104134154,4.1,4,0,0.003961049,697037.5083,4063204.719
198,2.8,3,1.2,6.6,1.887069649,2.64,6,0,0.00364398,697040.8883,4063201.578
199,2.42,1.9,0.96,3.61,1.283707772,1.16,1,0,0.004078541,697047.2296,4063205.72
200,1.9,1.2,0.7,1.79,0.58221562,0.42,2,0,0.004474741,697045.9915,4063209.022
201,2.57,2.15,1.23,4.34,1.467874348,1.78,5,1.324079633,0.002379286,697010.7975,4063320.443
202,3.68,4.59,1.17,13.27,2.585505848,5.17,5,1.807201028,0.003043313,697000.4942,4063325.312
203,4.1,4.5,1.5,14.49,2.673458756,7.25,6,1.93544507,0.003891915,696991.6997,4063330.66
204,3.34,3.04,1.24,7.97,2.075684493,3.3,5,0.789515972,0.004109532,696978.8028,4063335.581
205,4.02,3.55,1.39,11.21,2.416806237,5.19,5,0.934774578,0.003301128,696978.7288,4063311.601
206,3.08,3.84,1.44,9.29,2.228938553,4.46,5,3.124901056,0.003480734,696970.8048,4063310.198
207,3.98,3.28,1.53,10.25,2.327277706,5.23,5,2.729038239,0.003487992,696965.5383,4063317.625
208,2.59,3.87,1.53,7.87,2.063058062,4.01,4,0.724405348,0.004758099,696972.6122,4063332.663
209,2.68,3.32,1.37,6.99,1.944480556,3.19,3,0.920684576,0.004580812,696968.012,4063334.444
210,4.9,4.5,1.8,17.32,2.851861903,10.39,6,1.505930066,0.004717772,696962.6868,4063332.768
211,1.37,1.34,0.87,1.44,0.364643114,0.42,3,3.901698589,0.003489272,696972.0507,4063353.187
212,2.14,1.74,0.46,2.92,1.071583616,0.45,0,3.652542114,0.003734893,696967.6879,4063352.421
213,1.31,1.28,0.93,1.32,0.277631737,0.41,3,2.195794106,0.004471469,696959.5112,4063350.345
214,3.29,2.19,1.16,5.66,1.733423892,2.19,2,2.731579542,0.004566506,696949.5015,4063346.341
215,1.68,1.05,0.88,1.39,0.329303747,0.41,2,2.384144306,0.004440892,696948.3656,4063349.09
216,3.2,2.9,1.6,7.29,1.986503546,3.89,7,3.268583298,0.005115514,696948.0311,4063344.198
217,1.9,1.3,1,1.94,0.662687973,0.65,9,4.448494434,0.002748899,696942.4785,4063313.542
218,6.08,3.82,1.33,18.24,2.903616985,8.09,4,1.319182396,0.003408623,696921.3437,4063319.05
219,3.8,2.5,1.5,7.46,2.009555414,3.73,6,0.490523785,0.004401678,696917.1673,4063325.726
220,3.7,3.15,1.38,9.15,2.213753879,4.21,6,0.970475137,0.0044442,696916.833,4063336.375
221,3.98,3.12,1.32,9.75,2.277267285,4.29,5,0.933307648,0.006251299,696920.0394,4063344.663
222,2.2,2.26,1.07,3.9,1.360976553,1.39,3,2.020394802,0.005134847,696934.491,4063353.766
223,2.07,2.23,1.25,3.63,1.289232648,1.51,2,0.990538239,0.005185606,696938.6062,4063365.295
224,2.03,1.83,1.12,2.92,1.071583616,1.09,3,1.001574278,0.004943638,696940.9191,4063365.792
225,1.47,1.84,1.06,2.12,0.751416089,0.75,3,0.965362072,0.004672674,696939.8852,4063367.988
226,2.49,2.78,1.02,5.44,1.693779061,1.85,4,0.494442046,0.005004548,696925.9648,4063386.318
227,1.16,2.06,0.79,1.88,0.631271777,0.49,4,2.400747538,0.005030908,696924.7395,4063392.95
228,1.94,1.33,0.99,2.03,0.708035793,0.67,5,3.673213482,0.005113817,696916.471,4063402.64
229,2.14,1.85,1.08,3.11,1.134622726,1.12,4,2.132717133,0.006058035,696911.9576,4063396.763
230,3.04,2.98,1.18,7.12,1.962907725,2.8,5,1.897512913,0.006814951,696909.3486,4063389.71
231,1.72,0.97,0.88,1.31,0.270027137,0.38,5,1.189873219,0.007604102,696913.8874,4063378.935
232,2.61,2.18,0.87,4.47,1.497388409,1.3,4,0.592691839,0.007300675,696917.6885,4063376.913
233,1.8,1.26,0.85,1.78,0.576613364,0.5,5,1.884451985,0.007449636,696909.5935,4063371.288
234,2.77,1.44,0.85,3.13,1.141033005,0.89,7,0.724503934,0.006808589,696909.5449,4063357.854
235,1.65,2.1,1.14,2.72,1.00063188,1.03,8,0.352153271,0.005897769,696904.8604,4063355.526
236,2.46,1.92,1.35,3.71,1.311031877,1.67,7,0.433576792,0.006281302,696906.1496,4063357.776
237,2.75,2.08,1,4.49,1.501852702,1.5,4,0.598273873,0.006347979,696911.896,4063352.802
238,5.65,3.3,0.81,14.64,2.683757509,3.95,3,0.229024142,0.005816966,696901.2071,4063331.686
239,2.4,2.3,1.3,4.34,1.467874348,1.88,7,0.119904004,0.005308962,696899.8747,4063346.864
240,2,1.35,1.03,2.12,0.751416089,0.73,3,0.327385187,0.006648377,696898.3559,4063362.37
241,4.51,2.13,0.89,7.54,2.020222182,2.24,3,2.83969903,0.005222577,696885.5686,4063343.093
242,4.52,3.42,1.29,12.14,2.496505786,5.22,4,4.229522228,0.005120662,696881.04,4063349.539
243,4.17,2.9,1.1,9.5,2.251291799,3.48,5,7.076738358,0.005090429,696872.2862,4063341.456
244,3.45,2.2,1.28,5.96,1.785070481,2.54,6,5.618429184,0.004513451,696868.8476,4063343.264
245,4.3,4.6,1.28,15.54,2.743417345,6.63,3,0.222398221,0.006612976,696898.1261,4063360.7
246,3.43,2.84,1.32,7.65,2.034705648,3.37,6,3.020266533,0.006932893,696901.3377,4063372.652
247,3.03,2.07,1.36,4.93,1.595338988,2.23,4,3.656270981,0.007800653,696898.0497,4063379.57
248,2.94,2.95,1.34,6.81,1.91839212,3.04,6,3.423806429,0.00736257,696887.0421,4063383.979
249,3.3,2.5,1.78,6.48,1.86872051,3.84,6,5.2523489,0.00477253,696871.8323,4063372.861
250,3.24,2.5,1.39,6.36,1.850028377,2.95,5,7.470829487,0.004561445,696866.3769,4063369.072
251,3.58,3.53,1.44,9.93,2.295560478,4.76,6,10.38888645,0.004142236,696861.8302,4063360.753
252,3.6,3,1.7,8.48,2.13771045,4.81,6,0.065131083,0.002882892,696964.5834,4063273.643
253,2.54,3.78,1.31,7.54,2.020222182,3.29,5,0.133034497,0.0030719,696962.1429,4063267.037
254,3.58,2.67,1.39,7.51,2.016235466,3.48,4,0.304320067,0.002655042,696961.3386,4063251.477
255,4.09,3.57,1.18,11.47,2.439734931,4.51,6,0.405189276,0.002220446,696941.7864,4063258.132
256,3.95,2.76,1.37,8.56,2.14710019,3.91,5,0.479235739,0.002798889,696951.283,4063265.011
257,4.1,2.9,1.8,9.34,2.234306252,5.6,5,0.105402842,0.002854859,696956.8687,4063274.798
258,5.7,6.6,1.8,29.55,3.386083744,17.73,5,0.202296481,0.002552192,696944.1811,4063278.391
259,5.7,3.4,1.8,15.22,2.722610352,9.13,7,1.694335461,0.002981529,696948.8095,4063290.931
260,3.66,3.02,1.27,8.68,2.161021529,3.68,7,0.070096396,0.003643695,696911.9897,4063274.875
261,3,1.7,1.6,4.01,1.388791241,2.14,6,0.335151851,0.003489272,696907.8311,4063273.003
262,1.83,1.91,1.21,2.75,1.011600912,1.11,3,1.152810335,0.003476703,696902.3246,4063271.433
263,2.41,2.77,1.56,5.24,1.656321498,2.73,6,0.148033664,0.004353175,696903.4173,4063282.226
264,5.6,3.9,1.6,17.15,2.841998174,9.15,5,0.229517832,0.004504896,696911.4385,4063294.955
265,3.1,3,1.3,7.3,1.987874348,3.17,9,0.388779998,0.004572802,696919.4314,4063297.248
266,3.4,2.5,1.6,6.68,1.899117988,3.56,8,0.300849527,0.004804642,696901.84,4063311.941
267,1.5,1.07,0.66,1.26,0.231111721,0.28,1,0.510892808,0.005548863,696893.0608,4063308.853
268,3.94,4.29,1.2,13.28,2.586259144,5.31,6,0.745578408,0.005169617,696900.5123,4063295.814
269,1.98,2.51,1.12,3.9,1.360976553,1.46,5,0.329518914,0.005075306,696901.947,4063291.74
270,4.37,3.96,1.71,13.59,2.609334228,7.75,8,0.66242528,0.004757609,696894.1939,4063282.902
271,3.3,4.5,1.4,11.66,2.456164181,5.44,9,1.777289987,0.00387716,696883.4719,4063278.77
272,4.37,2.95,0.56,10.12,2.314513664,1.89,1,1.808705568,0.004271832,696884.151,4063280.34
273,2.6,0.3,1.3,0.61,1.1,0.27,4,1.913101077,0.004515328,696870.9938,4063288.807
274,3.15,3.58,1.38,8.86,2.181546765,4.07,6,1.320585728,0.005894213,696877.0059,4063299.491
275,5.49,5.46,1.36,23.54,3.158701102,10.67,8,0.159010455,0.004600592,696889.5966,4063315.656
276,3.6,3.7,1.5,10.46,2.347558459,5.23,7,2.400001526,0.006173809,696875.671,4063322.551
277,3.8,3.2,1.4,9.55,2.256541154,4.46,5,0.409419596,0.006344132,696869.5007,4063314.86
278,1.78,1.7,0.89,2.38,0.867100488,0.71,6,2.103858471,0.005643742,696862.9168,4063301.832
279,1.73,2.11,0.99,2.87,1.05431203,0.95,2,3.097310543,0.005033871,696859.2943,4063299.972
280,2.11,2.06,1.14,3.41,1.226712291,1.3,6,10.57370472,0.004352801,696852.9402,4063296.385
281,3.1,2.24,1.28,5.45,1.695615609,2.33,6,8.289096832,0.004327211,696847.7682,4063295.822
282,4.27,3.53,1.88,11.84,2.471483629,7.42,7,4.693207741,0.005383692,696852.1235,4063304.692
283,2.49,3.81,0.99,7.45,2.008214032,2.46,7,2.002691507,0.0056329,696853.9643,4063317.944
284,1.8,2.03,0.8,2.87,1.05431203,0.77,5,1.47434485,0.005343849,696854.1277,4063322.499
285,6.58,4.6,1.32,23.77,3.168424281,10.46,3,1.217690229,0.00475618,696851.8277,4063329.218
286,1.96,1.98,1.02,3.05,1.115141591,1.04,5,1.682125926,0.004595185,696851.9273,4063332.662
287,2.95,2.72,1.12,6.3,1.840549633,2.35,5,5.32265377,0.005524515,696844.7793,4063324.726
288,3,2.31,0.93,5.44,1.693779061,1.69,2,4.922110081,0.004808571,696845.2207,4063313.303
289,4.04,3.96,1.49,12.57,2.531313023,6.24,6,9.846129417,0.004673221,696837.4805,4063311.681
290,3.94,4.24,1.88,13.12,2.574137784,8.22,10,11.35019588,0.003453145,696827.2793,4063308.228
291,4.34,5.28,2.15,18,2.890371758,12.9,7,17.34006691,0.002938323,696816.5066,4063317.971
292,2.77,3.51,1.23,7.64,2.033397603,3.13,7,9.561607361,0.002945381,696820.4792,4063339.598
293,4.42,4.55,1.27,15.8,2.76000994,6.69,4,9.571702003,0.003489272,696809.1551,4063349.995
294,5.23,4.06,1.83,16.68,2.814210397,10.17,4,7.951782703,0.002854859,696806.8241,4063338.618
295,2.34,2.69,1.19,4.94,1.597365331,1.96,3,8.494930267,0.003639181,696795.2011,4063334.798
296,4.17,4.37,1.54,14.31,2.660958594,7.35,6,5.710636616,0.004123686,696788.3748,4063336.195
297,2.72,3.18,1.21,6.79,1.915450942,2.74,9,5.545801163,0.004271673,696770.1582,4063346.989
298,2.77,2.77,1.06,6.03,1.796747011,2.13,6,4.408689022,0.004255529,696762.5074,4063349.255
299,7.24,4.9,1.81,27.86,3.327191968,16.81,7,10.02020836,0.003978048,696772.9896,4063359.931
300,2.72,1.98,1.55,4.23,1.442201993,2.19,6,5.632491112,0.003883118,696781.0894,4063349.793
301,5.08,5.38,2.16,21.47,3.066656612,15.45,7,7.7909832,0.002137247,696769.2528,4063382.491
302,1.24,1.09,0.66,1.06,0.058268908,0.23,4,5.500617027,0.003666834,696830.3692,4063356.588
303,3.8,3.4,1.2,10.15,2.317473705,4.06,6,8.448943138,0.00404985,696839.6003,4063367.235
304,4.39,4.34,1.5,14.96,2.705379973,7.48,8,11.38427353,0.003922853,696848.3233,4063368.879
305,3.84,4.55,2.2,13.72,2.618854622,10.06,5,3.995301247,0.004888835,696855.109,4063384.798
306,4.01,3.07,1.58,9.67,2.269028309,5.09,5,0.579025388,0.005767906,696857.9478,4063393.523
307,4.42,3.1,1.58,10.76,2.375835555,5.67,3,1.510402679,0.004784647,696864.9502,4063392.24
308,3.63,3.18,1.25,9.07,2.204972264,3.78,7,0.861695707,0.005566735,696866.2675,4063401.041
309,2.46,2.16,0.97,4.17,1.427916036,1.35,5,2.544667244,0.006862389,696887.6243,4063401.421
310,1.63,1.37,0.84,1.75,0.559615788,0.49,6,2.338979244,0.006358527,696894.762,4063402.029
311,1.85,1.91,0.85,2.78,1.022450928,0.79,5,2.419463158,0.006825416,696900.2887,4063398.826
312,2.46,2.21,1.07,4.27,1.451613827,1.52,3,2.338496923,0.007337252,696902.7317,4063389.779
313,2.26,2.95,1.08,5.24,1.656321498,1.89,1,2.310580015,0.004033218,696916.2516,4063416.067
314,1.37,1.7,0.59,1.83,0.604315967,0.36,1,2.128608704,0.005284509,696896.4239,4063411.392
315,2.31,1.85,0.89,3.36,1.211940974,1,7,2.102842569,0.00579279,696896.8808,4063407.073
316,2.82,4.27,1.04,9.46,2.247072383,3.28,6,1.996847749,0.006168109,696883.4965,4063405.988
317,3.33,2.97,1.26,7.77,2.050270164,3.26,7,1.783542037,0.00557519,696883.1289,4063410.309
318,3.3,2.84,1.19,7.36,1.996059933,2.92,7,1.308487892,0.004331631,696885.7585,4063424.246
319,2.59,2.54,1.24,5.17,1.642872689,2.14,6,1.635966063,0.003753364,696893.0825,4063428.411
320,2.11,2.49,1.17,4.13,1.418277407,1.61,3,1.14613533,0.004063948,696883.9231,4063430.198
321,2.77,2.92,1,6.35,1.848454813,2.12,5,2.243191481,0.005684971,696862.7678,4063413.282
322,3.3,3.18,1.21,8.24,2.109000344,3.32,7,0.676328957,0.006857633,696855.0608,4063410.219
323,4.8,2.87,1.21,10.82,2.381396273,4.36,8,7.104551315,0.006642242,696851.26,4063427.782
324,2.36,2.3,1.44,4.26,1.44926916,2.05,6,3.349755049,0.00775644,696838.3221,4063411.166
325,3.42,2.74,1.38,7.36,1.996059933,3.39,5,1.396027923,0.008037528,696839.8435,4063407.204
326,1.9,1.83,1.22,2.73,1.004301609,1.11,5,0.432511359,0.006843514,696844.8597,4063402.879
327,3.84,2.88,1.41,8.69,2.162172939,4.08,6,4.673300266,0.007598992,696832.5397,4063390.496
328,2.8,2.6,1.14,5.72,1.743968805,2.17,4,7.096735001,0.004488919,696820.7556,4063374.239
329,3.52,2.64,1.46,7.3,1.987874348,3.55,8,7.723207951,0.004281474,696818.9379,4063371.644
330,2.9,1.6,0.92,3.64,1.291983682,1.12,1,10.43103027,0.005235463,696817.603,4063379.162
331,3.2,3.5,1.6,8.8,2.174751721,4.69,8,7.842470646,0.005390026,696814.9149,4063383.319
332,4.4,3.62,1.9,12.51,2.526528324,7.92,9,9.154747963,0.004101994,696811.0447,4063376.68
333,3.2,3.06,1.78,7.69,2.039920784,4.56,6,4.218459129,0.008144265,696823.2118,4063395.721
334,2.9,2.5,1.4,5.69,1.738710248,2.66,7,4.010721684,0.008806916,696825.2108,4063405.98
335,2.98,2,1.44,4.68,1.54329811,2.25,5,4.135756016,0.00888319,696827.6207,4063406.146
336,1.5,1.49,0.95,1.76,0.565313809,0.56,5,3.423365116,0.009127563,696830.7146,4063403.775
337,5.2,4.8,2.03,19.6,2.975529566,13.27,8,7.865677834,0.008517964,696827.0796,4063410.241
338,2.08,2.06,1.34,3.37,1.214912744,1.5,5,6.541747093,0.007800754,696834.95,4063417.86
339,2.76,2.4,1.4,5.2,1.648658626,2.43,5,6.402673721,0.007652205,696837.1199,4063420.685
340,1.82,1.78,1.1,2.54,0.932164081,0.93,3,9.63475132,0.007630306,696832.5224,4063426.241
341,3.52,2.78,1.44,7.69,2.039920784,3.69,9,9.679998398,0.007467781,696829.3571,4063431.718
342,3.72,3.66,1.48,10.69,2.369308725,5.28,8,9.884746552,0.007602246,696832.2494,4063434.227
343,3.92,2.88,1.64,8.87,2.182674796,4.85,10,14.25259018,0.006020631,696832.9669,4063445.789
344,0.8,0.78,0.25,0.49,1.1,0.04,2,11.98322678,0.005584259,696839.16,4063444.71
345,4.82,4.04,1.34,15.29,2.72719902,6.83,6,11.94643497,0.003683344,696859.059,4063446.278
346,4.2,3,1.59,9.9,2.292534757,5.24,10,7.258692265,0.002781419,696873.0203,4063449.485
347,2.34,2.3,0.86,4.23,1.442201993,1.21,4,14.37710094,0.002834925,696862.1072,4063453.675
348,3.48,2.66,0.98,7.27,1.983756292,2.37,3,17.02310753,0.002022947,696859.3529,4063468.487
349,2.9,2.7,0.96,6.15,1.816452082,1.97,3,19.00854111,0.002418463,696855.3603,4063467.174
350,3.36,2.59,1.29,6.83,1.921324674,2.94,1,15.57770061,0.003322829,696840.8119,4063462.288
351,4.3,3.63,1.46,12.26,2.506341931,5.97,7,12.76972294,0.007690236,696818.5307,4063432.135
352,4.4,4.24,1.67,14.65,2.684440335,8.16,6,12.90777874,0.008500608,696813.6828,4063425.252
353,2.34,2.12,1.14,3.9,1.360976553,1.48,6,9.530878067,0.008269025,696826.1608,4063422.986
354,3.63,2.92,0.99,8.32,2.118662255,2.75,6,9.601058006,0.007702273,696829.5816,4063425.84
355,2.6,2.24,1.17,4.57,1.519513205,1.78,5,11.10015583,0.008836064,696817.2412,4063418.23
356,2.87,1.96,1.12,4.42,1.486139696,1.65,4,4.144288063,0.00609887,696809.3858,4063394.404
357,3.94,2.98,1.42,9.22,2.221375038,4.36,8,3.417470455,0.006172296,696804.1985,4063394.506
358,3.48,2.54,1.63,6.94,1.937301775,3.77,4,4.738201618,0.005669386,696799.5397,4063398.84
359,3.7,3.2,1.14,9.3,2.2300144,3.53,4,7.554774284,0.0062653,696800.1117,4063408.955
360,5.3,3.1,1.2,12.9,2.557227311,5.16,5,6.094912529,0.004515043,696792.8362,4063406.567
361,1.54,1.2,0.72,1.45,0.371563556,0.35,3,14.31345654,0.00796852,696803.081,4063423.676
362,2.63,2.57,1.3,5.31,1.669591835,2.3,5,11.02626801,0.005849297,696792.1243,4063421.981
363,3.7,2.75,1.2,7.99,2.07819076,3.2,6,6.887318134,0.00412663,696775.2936,4063415.267
364,2.84,2.49,0.69,5.55,1.713797928,1.28,0,9.950031281,0.00377352,696769.0443,4063414.901
365,2.77,2.66,1.47,5.79,1.756132292,2.84,4,7.719799995,0.006438142,696792.7067,4063435.538
366,2.74,2.58,0.96,5.55,1.713797928,1.78,5,11.15446758,0.007281837,696803.5586,4063437.897
367,3.8,2.97,1.12,8.86,2.181546765,3.31,7,10.09189606,0.006483199,696811.4597,4063448.069
368,2.4,1.74,1.03,3.28,1.187843422,1.13,4,6.940531731,0.005572358,696805.3229,4063450.592
369,4.37,4.14,1.52,14.21,2.653945942,7.2,9,7.845846653,0.003504584,696820.9287,4063483.366
370,2.8,2.68,1.29,5.89,1.773255998,2.53,6,8.98743248,0.003330104,696826.4172,4063485.713
371,3.07,2.72,0.97,6.56,1.880990603,2.12,6,6.082514763,0.002968724,696823.9819,4063490.541
372,3.4,2.1,0.93,5.61,1.72455072,1.74,6,11.70713234,0.002854859,696818.8484,4063496.084
373,2.58,2.52,0.84,5.11,1.631199404,1.43,4,14.51264191,0.003040848,696807.2996,4063492.933
374,2.42,2,1.02,3.8,1.335001067,1.29,4,15.34532452,0.003139315,696804.2873,4063491.753
375,2.9,2.37,1.29,5.4,1.686398954,2.32,5,12.47602749,0.003489272,696809.0328,4063487.533
376,2.18,1.9,0.62,3.25,1.178654996,0.67,6,8.262117386,0.004037675,696805.9999,4063479.47
377,3.6,2.1,0.96,5.94,1.781709133,1.9,5,6.39999485,0.004791305,696806.4389,4063472.043
378,3.48,2.77,1.23,7.57,2.024193067,3.1,6,6.436730385,0.004794042,696803.8757,4063462.992
379,2.7,2.52,1.12,5.34,1.675225653,2,3,6.132053852,0.004198871,696797.9787,4063458.971
380,1.72,1.6,0.78,2.16,0.770108222,0.56,0,6.501585007,0.005372751,696792.0612,4063451.953
381,3,2.6,0.89,6.13,1.81319475,1.82,1,5.622995853,0.004827263,696784.9517,4063454.009
382,2.3,2.1,0.84,3.79,1.332366019,1.06,0,5.979399204,0.00541383,696777.7732,4063451.291
383,2.6,1.8,1.05,3.68,1.302912752,1.29,2,9.850551605,0.005665872,696775.6464,4063438.809
384,3.76,2.32,1.12,6.85,1.924248652,2.56,8,8.019992828,0.00521945,696774.8269,4063435.571
385,2.1,1.64,1.08,2.7,0.993251773,0.97,0,6.688665867,0.005321749,696769.9026,4063435.902
386,4.05,4,1.34,12.72,2.543175558,5.68,8,16.09552765,0.004331495,696755.8031,4063423.144
387,6.1,5.9,1.88,28.27,3.341801172,17.71,6,20.48880768,0.004656838,696739.0361,4063413.656
388,4.2,3.62,2.2,11.94,2.479894108,8.76,5,22.01841927,0.004505608,696729.9913,4063406.566
389,4.6,4.4,1.32,15.9,2.766319109,6.99,6,19.17693329,0.005730011,696732.9938,4063419.845
390,4.65,3.94,1.28,14.39,2.666533521,6.14,6,6.407128334,0.006635725,696727.1941,4063427.149
391,4.88,4.6,2.24,17.63,2.869601996,13.16,7,8.515957832,0.006096708,696720.6075,4063414.231
392,3.2,2.85,1.6,7.16,1.968509981,3.82,5,7.752520084,0.006248937,696717.6513,4063414.497
393,4.68,3.72,1.64,13.67,2.615203651,7.47,5,13.90128613,0.005182552,696716.0733,4063401.472
394,4.27,3.39,1.62,11.37,2.430978308,6.14,6,17.78108025,0.005232431,696714.3345,4063391.552
395,3.42,3.38,1.39,9.08,2.206074193,4.21,5,15.60641956,0.002069751,696695.1138,4063372.128
396,4.4,4.12,1.59,14.24,2.656054906,7.55,8,15.7794857,0.002505242,696695.8794,4063366.04
397,4.42,4.17,1.52,14.48,2.672768387,7.33,2,19.81850243,0.003300349,696711.0709,4063354.622
398,5.47,4.4,1.92,18.9,2.939161922,12.1,7,15.49472618,0.002351016,696706.3401,4063342.635
399,3.88,2.94,1.4,8.96,2.192770227,4.18,5,11.33933067,0.001661014,696708.0835,4063336.792
400,4.67,3.6,1.89,13.2,2.58021683,8.32,5,25.7274437,0.004451538,696731.3492,4063398.049
401,8,6.28,1.73,39.46,3.675287501,22.75,5,20.77031326,0.004617719,696733.123,4063386.989
402,4.99,4.77,1.88,18.69,2.927988621,11.72,9,19.81850243,0.003836455,696731.836,4063372.972
403,3.72,3.63,1.77,10.61,2.361796953,6.26,9,17.06715584,0.003775454,696731.6546,4063369.193
404,1.89,1.42,0.93,2.11,0.746687947,0.65,5,15.6115799,0.003081414,696728.0959,4063364.56
405,3.67,3.2,1.38,9.22,2.221375038,4.24,5,9.085360527,0.003305723,696733.0785,4063350.021
406,5.28,4.99,2.04,20.69,3.029650492,14.07,8,8.998916626,0.002854859,696726.5253,4063343.432
407,1.67,1.43,0.89,1.88,0.631271777,0.56,4,8.994326591,0.004409693,696744.033,4063359.598
408,5.2,4.89,1.57,19.97,2.994231147,10.45,5,10.73448849,0.003608033,696756.4913,4063381.531
409,1.4,1.12,0.95,1.23,0.207014169,0.39,4,7.446050167,0.003733165,696760.6242,4063376.742
410,5.27,4.5,1.73,18.63,2.924773185,10.74,7,6.642435074,0.003446119,696763.6442,4063377.589
411,6.52,4.99,2.24,25.55,3.240637317,19.08,8,7.41644001,0.00276817,696766.0162,4063394.961
412,5.3,4.7,2.08,19.56,2.973486665,13.56,9,6.704344749,0.003712231,696763.5666,4063338.178
413,4.62,4.26,1.53,15.46,2.738256043,7.88,6,6.365278244,0.003508776,696773.5251,4063336.631
414,4.6,4.09,2.03,14.78,2.693274916,10,4,5,0.003190052,696770.2343,4063328.119
415,5.1,3.9,1.6,15.62,2.748552144,8.33,4,5.723672867,0.002648629,696761.986,4063325.265
416,2.54,1.93,0.87,3.85,1.348073148,1.12,0,9.488318443,0.003226444,696785.6404,4063322.922
417,1.24,1.17,0.97,1.14,0.131028262,0.37,3,9.089863777,0.006026925,696747.0705,4063441.371
418,2.77,2.56,1.3,5.57,1.717395054,2.41,5,11.47403622,0.005951807,696751.3465,4063442.025
419,3.49,3.37,1.56,9.24,2.223541886,4.8,2,16.15258789,0.005171312,696762.4106,4063454.601
420,2.99,2.57,1.21,6.04,1.798404012,2.43,1,22.75007248,0.004925481,696754.5329,4063462.857
421,1.27,1.26,0.86,1.26,0.231111721,0.36,3,18.77951431,0.005012758,696751.7579,4063459.13
422,3.34,2.82,1.1,7.4,2.00148,2.71,0,11.97570992,0.004623406,696748.8988,4063459.064
423,3.31,2.99,1.19,7.77,2.050270164,3.08,3,6.241949081,0.004192336,696743.8851,4063459.393
424,3.49,3.14,1.73,8.61,2.152924318,4.96,7,3.841656208,0.006649418,696740.7346,4063444.778
425,7.64,4.44,1.57,26.64,3.282413846,13.94,10,3.769222021,0.006346402,696733.569,4063449.276
426,3.37,2.98,1.4,7.89,2.065596135,3.68,4,5.083667755,0.005849219,696728.3921,4063452.82
427,3.97,3.43,1.55,10.69,2.369308725,5.53,5,8.417193413,0.005906673,696723.9326,4063460.155
428,3.9,2.97,1.07,9.1,2.208274414,3.24,5,3.676172733,0.004817008,696734.2946,4063468.275
429,4.46,3.9,1.8,13.66,2.614471854,8.2,5,6.379759312,0.005227047,696728.1501,4063471.131
430,1.98,1.95,0.94,3.03,1.10856262,0.95,4,6.256334782,0.005926742,696703.8912,4063476.457
431,5.51,4.8,1.73,20.77,3.033509638,11.98,8,7.507505417,0.005712259,696701.1061,4063477.059
432,5.32,4.6,1.89,19.22,2.955951404,12.11,9,5.77195406,0.003536073,696720.5486,4063494.601
433,1.99,1.9,1.06,2.97,1.088561953,1.05,5,3.298135996,0.003767674,696717.1815,4063493.303
434,3.24,3.17,1.58,8.07,2.088153482,4.25,6,3.256808758,0.003715268,696713.2631,4063496.543
435,3.8,3.5,1.38,10.45,2.346601978,4.81,8,2.014997005,0.004356594,696705.8777,4063491.156
436,3.98,3.7,1.23,11.57,2.448415541,4.74,6,6.125936508,0.005149485,696696.7719,4063490.613
437,4.42,3.87,1.82,13.43,2.597491011,8.15,6,9.243686676,0.005491502,696693.4175,4063488.76
438,3.97,0.39,1.49,1.22,0.198850859,0.6,8,1.215379238,0.005160181,696688.6085,4063499.64
439,4.18,3.7,1.47,12.15,2.49732917,5.95,6,3.734383106,0.00423928,696702.2097,4063502.949
440,3.6,2.9,1.99,8.2,2.104134154,5.44,5,9.105303764,0.002450618,696700.2549,4063521.887
441,2.9,3,1.5,6.83,1.921324674,3.42,9,8.041706085,0.003229334,696687.1287,4063525.138
442,3.8,4.3,1.7,12.83,2.551786179,7.27,4,3.106418133,0.004225225,696672.5745,4063501.047
443,4.42,3.94,1.63,13.68,2.615934912,7.43,6,4.178483486,0.003772904,696670.1425,4063521.306
444,3,4.4,1,10.37,2.338917022,3.46,1,3.88993454,0.003871636,696660.432,4063527.633
445,4.12,3.4,1.27,11,2.397895273,4.66,5,11.53951359,0.003806479,696659.2121,4063537.928
446,3.7,3.51,1.49,10.2,2.32238772,5.07,4,10.62587833,0.003874565,696660.0675,4063543.499
447,2.4,2,1.2,3.77,1.327075001,1.51,2,12.18186378,0.004324754,696652.9403,4063546.332
448,5.4,4.83,1.8,20.48,3.0194488,12.29,10,14.83958149,0.003181801,696636.8656,4063545.63
449,3.2,3.16,1.36,7.94,2.071913275,3.6,4,11.25716209,0.00365314,696639.7861,4063550.803
450,2.82,2.8,1.04,6.2,1.824549292,2.15,4,9.313642502,0.004037317,696657.6098,4063560.982
451,4.4,3.9,1.79,13.48,2.601207105,8.04,5,7.268710613,0.003299968,696669.1228,4063561.801
452,2.1,1.5,1.1,2.47,0.904218151,0.91,9,4.484929085,0.003119012,696678.9225,4063551.592
453,2.16,2.14,1.14,3.63,1.289232648,1.38,3,4.531951904,0.003509657,696674.2126,4063550.373
454,3.2,2.7,1.3,6.79,1.915450942,2.94,3,6.791348457,0.004652813,696653.9495,4063568.557
455,3.97,3.9,1.4,12.16,2.498151877,5.67,7,5.459218025,0.004493121,696645.4338,4063577.353
456,2.52,2.3,0.82,4.55,1.515127233,1.24,3,5.843828201,0.002273246,696661.7002,4063585.276
457,2.12,2,1.54,3.33,1.202972304,1.71,3,12.69437218,0.004472816,696625.4222,4063561.241
458,3.35,3.2,1.41,8.42,2.130609828,3.96,1,15.5259819,0.004470219,696624.942,4063554.903
459,4.47,4.19,1.53,14.71,2.688527535,7.5,8,7.849694729,0.003525761,696606.4068,4063564.023
460,4.47,4.12,1.27,14.46,2.671386217,6.12,8,3.684702396,0.003951671,696606.2896,4063569.127
461,0.7,0.6,0.55,0.33,1.1,0.06,2,7.922335625,0.003834007,696603.8848,4063564.854
462,3.3,3.7,1.4,9.59,2.260720889,4.48,7,2.011184931,0.004487901,696609.4427,4063579.746
463,2.91,1.12,0.82,2.56,0.940007258,0.7,7,1.893025398,0.004897265,696614.5227,4063580.417
464,1.47,1.23,0.88,1.42,0.350656872,0.42,3,1.381188869,0.005173022,696628.0089,4063580.949
465,1.63,1.3,0.77,1.66,0.506817602,0.43,2,0.877480507,0.003834683,696627.2997,4063592.367
466,1.83,1.8,1.02,2.59,0.951657876,0.88,1,1.838811755,0.003491669,696632.9439,4063595.716
467,2.32,2.19,1.39,3.99,1.383791231,1.85,4,1.250415921,0.003469623,696638.8561,4063595.186
468,3.27,3.41,1.07,8.76,2.170195905,3.12,5,3.010483265,0.002916205,696632.7936,4063602.262
469,4.28,2.75,1.3,9.24,2.223541886,4.01,5,8.9985466,0.002220446,696634.4508,4063615.732
470,4.8,4.6,1.6,17.34,2.853015971,9.25,6,9.337669373,0.002445132,696616.5415,4063632.638
471,3.54,3.28,1.55,9.12,2.210469804,4.71,8,7.884563923,0.005037351,696612.7418,4063603.466
472,4.34,3.47,1.36,11.83,2.470638678,5.36,4,2.777813673,0.004000158,696598.8695,4063584.72
473,5.47,4.73,1.37,20.32,3.011605623,9.28,6,10.51474667,0.005097679,696585.9554,4063590.418
474,3.5,2.44,0.84,6.71,1.903598951,1.88,4,17.22131157,0.004854522,696566.8342,4063566.667
475,7.46,6.95,2.14,40.72,3.706719372,29.05,4,16.66620064,0.005787849,696550.7897,4063556.862
476,6.37,6.35,1.76,31.77,3.458522448,18.64,3,12.31653595,0.004395439,696555.7721,4063546.209
477,4.88,4.61,1.57,17.67,2.871868286,9.25,2,12.24918652,0.003257451,696562.0415,4063541.801
478,7,6.27,2.22,34.47,3.540089381,25.51,9,12.06753826,0.003248439,696562.1334,4063541.693
479,6.03,5.95,1.74,28.18,3.338612506,16.34,6,12.77464485,0.003856563,696570.2843,4063540.992
480,7.43,7.78,2.04,45.4,3.815512105,30.87,8,4.666818142,0.003733742,696593.3823,4063555.065
481,4.84,4.63,2.25,17.6,2.867898902,13.2,7,12.3008976,0.002940656,696601.2035,4063545.365
482,5.81,4.85,2.21,22.13,3.096934154,16.3,6,19.12240219,0.003335468,696587.163,4063537.827
483,4.47,3.4,2.43,11.94,2.479894108,9.67,4,13.54310226,0.003353514,696573.6915,4063524.974
484,3.89,4.6,0.81,14.05,2.642622396,3.79,7,12.40719128,0.003069293,696568.7924,4063516.424
485,5.22,3.8,2.36,15.58,2.74598804,12.26,5,13.27792263,0.003091054,696567.0489,4063518.382
486,4.5,4.93,1.7,17.42,2.857618971,9.87,7,10.60476494,0.002001872,696570.9765,4063495.272
487,8.01,6.4,2.24,40.26,3.69535842,30.06,5,7.710139751,0.004019869,696599.0524,4063506.685
488,2.39,2.1,0.96,3.94,1.371180723,1.26,0,8.37405777,0.003063409,696595.9412,4063521.488
489,4.9,3.67,2.16,14.12,2.647592232,10.17,5,4.578185081,0.004011961,696618.6682,4063512.797
490,4.7,4.3,1.54,15.87,2.764430535,8.15,4,6.366624355,0.004633633,696616.6103,4063505.09
491,3.6,2.65,1.51,7.49,2.013568798,3.77,2,14.14515018,0.004663967,696623.5587,4063498.367
492,2.26,2,0.97,3.55,1.266947603,1.15,2,14.08593178,0.005256936,696622.2847,4063495.451
493,2.22,2.09,2.17,3.64,1.291983682,2.64,1,13.48541927,0.005086534,696617.7944,4063496.347
494,5.06,3.95,1.74,15.7,2.753660712,9.1,6,12.49999046,0.004595009,696609.3827,4063488.938
495,4.9,3.36,1.74,12.93,2.559550193,7.5,4,7.781851292,0.003682677,696596.0849,4063480.196
496,4.5,3.5,1.6,12.37,2.515274186,6.6,5,10.22620964,0.002187029,696591.0837,4063472.199
497,3.5,2.64,1.24,7.26,1.982379829,3,3,14.7695961,0.00155714,696591.3458,4063453.001
498,3.16,2.57,1.55,6.38,1.853168097,3.3,2,14.75126171,0.004235153,696613.9053,4063467.173
499,7.04,5.97,1.64,33.01,3.496810546,18.05,6,14.78543949,0.004170795,696612.9943,4063475.7
500,3.95,2.2,1.9,6.83,1.921324674,4.32,3,16.35563469,0.005225279,696626.9304,4063487.787
501,3.82,2.7,2,8.1,2.091864062,5.4,2,16.26987076,0.005392512,696623.3797,4063490.592
502,2.68,2.32,1.24,4.88,1.58514522,2.02,3,22.982584,0.004161958,696635.7635,4063500.201
503,5.42,5.17,1.69,22.01,3.091496896,12.4,8,11.20142841,0.00436412,696643.0085,4063503.92
504,4.7,3.31,2.1,12.22,2.503073954,8.55,3,11.8417244,0.003854422,696646.4876,4063496.451
505,4.22,3.2,2.04,10.61,2.361796953,7.21,2,9.738315582,0.004029029,696648.4916,4063498.718
506,4.46,3.4,1.63,11.91,2.477378383,6.47,4,4.212245464,0.003533517,696662.9784,4063494.61
507,7.75,5.3,1.67,32.26,3.473828073,17.96,7,14.47839069,0.003849054,696630.118,4063465.77
508,4.25,3.12,1.4,10.41,2.342766883,4.86,2,13.49236965,0.003052986,696634.0693,4063457.202
509,3.98,3.87,1.53,12.1,2.493205453,6.17,1,12.58620548,0.002530713,696632.5347,4063446.176
510,1.5,1.17,0.88,1.38,0.322083499,0.4,3,12.26043701,0.002256018,696630.9286,4063438.258
511,4.47,3.87,1.92,13.59,2.609334228,8.7,6,11.94502544,0.003016534,696643.0548,4063447.417
512,6.3,4.82,1.69,23.85,3.171784217,13.44,5,14.57970715,0.003887544,696656.9859,4063463.612
513,4.4,4.39,1.91,15.17,2.719319793,9.66,8,16.31188011,0.005015964,696682.2794,4063479.401
514,6.59,5.21,2.13,26.97,3.294725137,19.15,5,28.71704483,0.004816023,696680.5535,4063472.812
515,0.71,0.67,0.59,0.37,1.1,0.07,3,13.8887167,0.004444432,696684.0021,4063466.675
516,2.38,2.16,1.19,4.04,1.396244692,1.6,4,18.41778374,0.004354581,696681.2681,4063465.058
517,2.23,1.96,0.93,3.43,1.232560261,1.06,3,20.97404099,0.004189412,696679.236,4063464.012
518,4.77,2.99,1.88,11.2,2.415913778,7.02,7,23.93793678,0.003868128,696679.3558,4063458.797
519,7.06,5.49,2.1,30.44,3.415757533,21.31,8,3.218857765,0.003563329,696671.6685,4063435.42
520,4.12,3.42,1.7,11.07,2.404238747,6.27,5,9.397047997,0.002705721,696653.4773,4063433.447
521,4.32,4.29,1.4,14.56,2.678278043,6.79,7,3.218857765,0.001927303,696657.9136,4063423.225
522,2.84,2.2,1.26,4.91,1.591273942,2.06,2,3.218857765,0.001841722,696656.8056,4063420.869
524,3.86,3.3,1.51,10,2.302585093,5.04,7,14.29757595,0.002527999,696690.1641,4063377.454
525,6.32,4.55,1.68,22.58,3.117064559,12.65,7,4.981305599,0.00381445,696697.3126,4063397.045
526,5.2,4.9,2.4,20.01,2.996232149,16.01,7,4.983131886,0.003779167,696697.9052,4063406.272
527,3.31,3.26,1.32,8.47,2.136530509,3.73,5,5.502675533,0.00492175,696705.3669,4063404.445
528,4.88,3.13,1.75,12,2.48490665,7,4,6.488689899,0.005035502,696697.6246,4063414.591
529,4.63,3.45,2.2,12.55,2.529720666,9.2,3,4.331064224,0.004747414,696688.1285,4063423.254
530,7.3,5.8,1.93,33.25,3.504054767,21.39,5,8.964949608,0.004789566,696694.266,4063440.157
531,8.8,6.4,2.15,44.23,3.789403292,31.7,5,7.799770832,0.005194434,696695.7799,4063444.3
532,2.6,2.4,0.95,4.9,1.589235205,1.55,3,9.647925377,0.004907203,696709.5573,4063443.839
533,6,5.4,2.25,25.45,3.236715743,19.09,4,9.443915367,0.005549105,696713.1465,4063443.256
534,2.8,2.65,1.63,5.83,1.763017,3.17,3,8.645643234,0.005916629,696713.468,4063437.046
535,4.5,3.8,1.55,13.43,2.597491011,6.94,4,8.116083145,0.006745924,696715.6939,4063433.545
536,2.9,2.5,1.4,5.69,1.738710248,2.66,2,7.664875984,0.006857934,696713.1462,4063431.6
537,5.44,4.85,2.53,20.72,3.031099417,17.48,6,8.158911705,0.005203983,696702.6082,4063431.135
538,2.2,2.6,1.7,4.49,1.501852702,2.55,5,8.036289215,0.003931407,696584.7715,4063603.046
539,2.8,2.7,1.45,5.94,1.781709133,2.87,3,6.743075848,0.003172066,696590.7505,4063615.172
540,1.3,0.8,0.94,0.82,1.1,0.26,0,4.776338577,0.00268568,696595.0544,4063614.605
541,2.4,2,1.43,3.77,1.327075001,1.8,2,6.358996391,0.002550155,696593.8523,4063620.239
542,3.4,2.8,0.5,7.48,2.012232792,1.25,0,3.222646475,0.002214256,696606.122,4063650.383
543,6,4.7,1.65,22.15,3.097837496,12.18,7,4.811574936,0.004433543,696571.2867,4063633.597
544,3.3,2.8,1.4,7.26,1.982379829,3.39,8,19.70145988,0.005848277,696562.3713,4063605.307
545,3.24,2.75,1.45,7,1.945910149,3.38,5,20.99682236,0.005659854,696561.5852,4063608.397
546,4,3,1.75,9.42,2.242835089,5.5,7,9.754072189,0.00463154,696555.3977,4063617.024
547,3.75,3.2,1.55,9.42,2.242835089,4.87,4,12.76495457,0.0041618,696554.8033,4063623.449
548,2.54,2.2,1.13,4.39,1.479329227,1.65,4,20.07934761,0.004320573,696548.0696,4063632.508
549,3.15,2.9,1.27,7.17,1.969905655,3.04,3,16.13311768,0.004233762,696551.4953,4063631.255
550,4.3,3.15,1.31,10.64,2.364620484,4.65,3,10.14028835,0.004731582,696560.6397,4063641.789
551,2,1.89,1,2.97,1.088561953,0.99,3,11.84535408,0.003806479,696580.4878,4063657.231
552,4.2,3.1,1.35,10.23,2.32532458,4.6,2,11.7278204,0.003555258,696581.1487,4063651.807
553,2.85,2.7,1.52,6.04,1.798404012,3.06,4,3.015025139,0.002477716,696604.5754,4063659.339
554,3.4,2.7,1.17,7.21,1.975468951,2.81,3,11.84280872,0.002589691,696599.6264,4063676.321
555,3.25,2.97,1.37,7.58,2.0255132,3.46,6,12.19255924,0.003288471,696579.4493,4063667.42
556,4.3,2.75,1.1,9.29,2.228938553,3.41,5,12.62538433,0.002712817,696577.3512,4063673.145
557,3.6,3.25,1.4,9.19,2.218115936,4.29,4,12.13930607,0.003172129,696572.72,4063660.716
558,2.75,2.5,1.27,5.4,1.686398954,2.29,3,12.58155918,0.002709007,696570.0732,4063666.983
559,2.7,2.5,1.15,5.3,1.667706821,2.03,3,11.37549305,0.004467391,696553.0207,4063662.151
560,1.4,1.3,0.78,1.43,0.357674444,0.37,2,10.16771507,0.003609024,696534.1991,4063652.616
561,3.9,3.1,1.3,9.5,2.251291799,4.11,5,27.39487457,0.003224192,696534.8899,4063634.204
562,4.35,4,1.7,13.67,2.615203651,7.74,5,24.14908981,0.003182409,696531.7044,4063640.569
563,4.45,3.37,1.35,11.78,2.466403178,5.3,5,18.87208176,0.002359399,696521.7794,4063640.674
564,4.1,3.44,1.6,11.08,2.405141681,5.91,3,15.82386017,0.003835544,696515.5165,4063668.172
565,3.65,3.8,1.28,10.89,2.387844937,4.65,1,9.852790833,0.003272498,696531.6219,4063675.314
566,2.9,2.5,1.07,5.69,1.738710248,2.03,3,11.01222038,0.003458049,696533.5521,4063680.797
567,6.2,5.8,1.73,28.24,3.340739413,16.29,6,16.16162682,0.003489272,696522.4762,4063688.203
568,4.5,3.5,2.2,12.37,2.515274186,9.07,6,19.61673737,0.003811721,696516.7348,4063681.299
569,3.9,3.8,1.4,11.64,2.454447442,5.43,8,19.10118103,0.004364825,696502.4856,4063682.859
570,5.4,4,1.75,16.96,2.83085763,9.9,7,23.02057457,0.00403839,696508.4183,4063685.327
571,2,1.7,0.85,2.67,0.982078472,0.76,3,17.46810913,0.00445375,696510.4048,4063696.14
572,4.3,3.77,1.65,12.73,2.543961413,7,5,15.38878059,0.004391422,696523.7888,4063697.225
573,2.6,1.7,1.57,3.47,1.244154594,1.82,3,12.92868042,0.003524388,696512.4808,4063706.956
574,2.8,2.2,1.63,4.84,1.576914721,2.63,3,10.4026413,0.003540917,696511.2785,4063708.704
575,1.9,1.3,0.95,1.94,0.662687973,0.61,2,6.656068325,0.003416534,696507.404,4063717.829
576,2.1,1.6,1,2.64,0.970778917,0.88,3,6.836069107,0.003390933,696505.4129,4063718.893
577,1.5,1.1,0.8,1.3,0.262364264,0.35,3,7.631979942,0.003161293,696507.3276,4063721.158
578,3.4,3.1,1.43,8.28,2.113842968,3.95,4,9.350430489,0.007257255,696472.8655,4063711.486
579,1.25,1.1,0.7,1.08,0.076961041,0.25,2,14.95696259,0.007095104,696480.6721,4063717.992
580,2.6,2.2,0.8,4.49,1.501852702,1.2,2,12.22161198,0.006678361,696477.8848,4063722.591
581,2.6,1.75,1.12,3.57,1.272565596,1.33,3,8.88543129,0.005791964,696482.1099,4063729.348
582,2.85,1.96,0.98,4.39,1.479329227,1.43,3,10.57046604,0.003672379,696477.1507,4063742.889
583,3.9,3.85,1.55,11.79,2.467251715,6.09,5,9.441465378,0.005264229,696469.7349,4063738.833
584,3,2.5,1.04,5.89,1.773255998,2.04,4,6.86534214,0.006998181,696461.0199,4063736.857
585,1.7,1.7,0.8,2.27,0.819779831,0.61,2,10.87616253,0.007920705,696453.9767,4063732.144
586,3.75,3,0.82,8.84,2.179286877,2.42,4,5.059698582,0.005745314,696448.7829,4063748.121
587,2.3,2.15,1.24,3.88,1.355835154,1.61,5,6.606654644,0.004942559,696456.2267,4063750.956
588,2.88,2.76,1.22,6.24,1.830980182,2.54,3,9.479602814,0.004473228,696466.9967,4063752.979
589,3.28,3.05,1.54,7.86,2.061786606,4.03,5,7.434961319,0.005124295,696463.6562,4063769.998
590,3.07,2.02,1.04,4.87,1.583093937,1.69,3,3.680739164,0.006011622,696445.9806,4063757.27
591,3.82,3.1,1.33,9.3,2.2300144,4.12,5,5.224514008,0.005943928,696443.8769,4063751.561
592,4.98,4.26,1.58,16.66,2.813010637,8.78,6,3.79197073,0.005947215,696440.0353,4063755.358
593,2.8,2.05,0.72,4.51,1.506297154,1.08,0,3.526129246,0.005951624,696443.6729,4063756.551
594,2.83,2.26,0.96,5.02,1.613429934,1.61,1,10.74193954,0.006018645,696450.2779,4063776.463
595,3.4,3.25,0.9,8.68,2.161021529,2.6,3,10.43083572,0.005066344,696453.944,4063784.206
596,4.16,2.86,1.45,9.34,2.234306252,4.52,3,7.069046974,0.005942355,696450.3964,4063794.671
597,3.68,2.46,1.22,7.11,1.961502244,2.89,4,7.042116165,0.006470274,696430.8118,4063787.228
598,4,2.5,1.28,7.85,2.060513532,3.35,3,10.82489491,0.007612958,696423.5837,4063806.155
599,2.47,2.42,1.01,4.69,1.545432582,1.58,4,8.736852646,0.006784196,696433.7173,4063796.952
600,2.8,2.5,0.78,5.5,1.704748092,1.43,1,3.373473883,0.005339486,696443.5229,4063809.832
601,3.36,2.43,1.14,6.41,1.857859271,2.44,3,3.607541084,0.004604752,696438.9643,4063817.609
602,1.4,1.4,0.76,1.54,0.431782416,0.39,4,3.703076124,0.004469471,696441.8131,4063818.119
603,1.75,1.43,0.86,1.97,0.678033543,0.56,7,1.756574154,0.004486279,696436.3787,4063821.213
604,0.98,0.85,0.53,0.65,1.1,0.12,5,3.577692986,0.005274128,696435.2322,4063816.636
605,0.81,0.54,0.53,0.34,1.1,0.06,2,7.260510445,0.006845471,696432.8959,4063805.481
606,1.83,1.5,0.99,2.16,0.770108222,0.71,1,7.174455166,0.006739159,696436.3129,4063789.019
607,1.43,1.47,0.84,1.65,0.500775288,0.46,5,7.797698498,0.006815379,696436.9636,4063784.039
608,1.45,2.07,1.02,2.36,0.858661619,0.8,3,7.23844099,0.006973768,696438.7909,4063778.419
609,1.04,1.45,1.2,1.18,0.165514438,0.47,4,6.350832939,0.007327737,696436.6823,4063776.817
610,1.36,1.58,1.1,1.69,0.524728529,0.62,5,6.986800194,0.005059017,696450.5568,4063787.681
611,1.23,1.1,0.9,1.06,0.058268908,0.32,1,12.58974648,0.007479719,696429.508,4063797.3
612,2.2,1.9,1.2,3.28,1.187843422,1.31,6,4.007445812,0.007465828,696407.6278,4063819.776
613,1.1,0.8,0.9,0.69,1.1,0.21,5,5.515808105,0.007042277,696400.5491,4063816.617
614,2.2,1.6,0.9,2.76,1.01523068,0.83,4,4.747557163,0.006805892,696401.3717,4063827.514
615,1.9,1.7,1.3,2.54,0.932164081,1.1,9,0.469029248,0.005092274,696425.3417,4063834.725
616,1.08,1,0.84,0.85,1.1,0.24,8,0.842487156,0.004112276,696429.2603,4063839.256
617,2.23,2.4,1.12,4.2,1.435084525,1.57,9,1.142511249,0.002469641,696426.8615,4063850.302
618,3.2,1.9,1,4.78,1.564440547,1.59,6,1.743659616,0.002537653,696418.1063,4063857.871
619,2.63,2.9,1.07,5.99,1.790091412,2.14,6,1.121067286,0.002740475,696414.147,4063855.116
620,0.96,1.07,0.81,0.81,1.1,0.22,8,1.264855266,0.003762963,696410.8255,4063847.935
621,2.8,3,1.3,6.6,1.887069649,2.86,9,1.796161175,0.004966152,696406.4525,4063843.727
622,2.33,2.55,1.01,4.67,1.541159072,1.57,5,2.977352619,0.004252081,696394.662,4063847.231
623,1.28,1.4,0.82,1.41,0.343589704,0.38,2,0.619553447,0.005467912,696382.9214,4063832.975
624,1.27,0.92,0.93,0.92,1.1,0.28,3,0.697359681,0.005376991,696382.0381,4063832.51
625,2.65,2.97,0.97,6.18,1.821318271,2,3,0.911187708,0.005012702,696381.3796,4063833.938
626,5.34,4.8,1.43,20.13,3.00221124,9.6,5,2.634443045,0.00385077,696374.3345,4063837.107
627,0.75,0.6,0.83,0.35,1.1,0.1,4,1.032424212,0.004327309,696370.3593,4063827.247
628,2.23,3.67,1.5,6.43,1.860974538,3.21,6,0.8713817,0.004669954,696370.1956,4063822.692
629,5.72,4.55,1.74,20.44,3.017493765,11.86,7,2.149086952,0.002838752,696363.5874,4063795.121
630,2.86,4.54,1.05,10.2,2.32238772,3.57,5,0.999257326,0.006003685,696373.8628,4063807.012
631,2.71,1.95,0.72,4.15,1.423108334,1,6,1.935350537,0.005717567,696377.9288,4063801.222
632,3.01,3.79,1.28,8.96,2.192770227,3.82,6,3.176373243,0.006829428,696382.7389,4063813.655
633,3.2,2.72,1.19,6.84,1.922787732,2.71,5,2.826339722,0.006426794,696390.7447,4063823.163
634,0.7,0.6,0.7,0.33,1.1,0.08,6,5.605277061,0.00689281,696399.3744,4063809.374
635,5.04,3.12,1.49,12.35,2.513656063,6.13,7,8.33382988,0.00747241,696393.3962,4063812.789
636,0.63,0.59,0.7,0.29,1.1,0.07,5,5.214225292,0.006740328,696401.7126,4063808.762
637,1.27,1.05,0.9,1.05,0.048790164,0.31,5,5.101855755,0.006682081,696401.4725,4063807.535
638,3.9,3.4,1.1,10.41,2.342766883,3.82,5,1.487611055,0.004092174,696376.9071,4063791.208
639,3.64,2.78,1.13,7.95,2.073171929,2.99,3,3.427789211,0.002953487,696382.2791,4063771.349
640,2.1,2.38,1.12,3.93,1.368639426,1.47,5,2.920958996,0.005322296,696385.1697,4063785.625
641,0.96,0.97,1,0.73,1.1,0.24,4,4.05073595,0.004956943,696396.1998,4063784.102
642,3.55,3.68,1.66,10.26,2.32825284,5.68,4,2.789757013,0.005594709,696386.9289,4063790.772
643,3.15,2.65,1.41,6.56,1.880990603,3.08,5,8.859744072,0.007286345,696412.0526,4063794.457
644,3.34,3.73,1.73,9.78,2.280339484,5.64,6,7.790631294,0.007158057,696410.9295,4063796.651
645,1.5,1.3,0.89,1.53,0.425267735,0.45,4,5.629946232,0.006443193,696410.3261,4063780.097
646,3.6,2.6,1.7,7.35,1.994700313,4.17,8,4.70681715,0.004431759,696409.4856,4063769.976
647,4.25,6.48,1.09,21.63,3.07408124,7.86,6,5.971558571,0.003348593,696411.6192,4063762.698
648,2.1,1.9,1.2,3.13,1.141033005,1.25,8,7.143412113,0.003380824,696417.0303,4063752.831
649,3.56,5.6,1.48,15.66,2.751109691,7.72,5,8.870073318,0.00424683,696428.1085,4063745.315
650,4.2,2.6,1.2,8.58,2.149433913,3.43,5,13.0809927,0.003446482,696433.399,4063725.122
651,1.7,1.5,1.2,2,0.693147181,0.8,6,14.30666542,0.003310143,696437.8838,4063720.562
652,3.03,2.84,0.94,6.76,1.91102289,2.12,3,10.37625599,0.00515711,696443.9257,4063714.373
653,5.42,3.1,0.8,13.2,2.58021683,3.52,3,16.30570984,0.006745769,696449.3889,4063721.714
654,4.41,5.49,1.51,19.02,2.945491057,9.57,2,14.80722237,0.007173496,696460.1175,4063713.857
655,3.25,3.68,1.42,9.39,2.239645293,4.45,7,10.72671032,0.007270392,696465.5212,4063708.209
656,4.65,4.46,1.25,16.29,2.790551423,6.79,6,8.853298187,0.006583783,696465.2326,4063705.205
657,1,1.68,0.63,1.32,0.277631737,0.28,0,7.980782509,0.006095269,696467.6882,4063703.374
658,1.05,0.83,0.71,0.68,1.1,0.16,1,7.926299572,0.006063607,696467.7877,4063702.932
659,1.25,1.33,0.6,1.31,0.270027137,0.26,1,7.648898602,0.006061434,696466.9887,4063702.692
660,0.92,0.67,0.82,0.48,1.1,0.13,3,7.040459633,0.005983188,696467.9995,4063701.494
661,1.28,1.95,0.94,1.96,0.672944473,0.61,3,4.98683548,0.005671433,696469.1455,4063698.301
662,1.1,0.66,0.73,0.57,1.1,0.14,8,4.288413525,0.005137234,696465.9543,4063693.232
663,4.54,4.65,1.64,16.58,2.80819715,9.06,8,5.20484066,0.005331703,696462.7379,4063693.158
664,2.9,1.88,0.96,4.28,1.45395301,1.37,5,2.89815855,0.00521849,696470.2938,4063691.112
665,2.89,2.26,1.45,5.13,1.635105659,2.48,9,4.07032299,0.004961219,696473.589,4063683.861
666,2.34,2.25,1,4.14,1.420695788,1.38,6,8.660721779,0.004990393,696479.3503,4063682.106
667,1.93,2.54,1.39,3.85,1.348073148,1.78,7,8.715582848,0.00239013,696490.1271,4063668.255
668,2.94,3.52,1.72,8.13,2.095560924,4.66,6,16.18324471,0.005095776,696564.1318,4063587.03
669,4.62,5.02,1.73,18.22,2.902519892,10.5,7,15.71901035,0.00616907,696557.9595,4063591.107
670,2.78,2.72,0.79,5.94,1.781709133,1.56,4,16.29000092,0.005923393,696556.3234,4063596.176
671,4.04,4.26,1.74,13.52,2.604170071,7.84,4,9.140237808,0.007391416,696547.1074,4063584.863
672,3.56,4.32,1.92,12.08,2.491551193,7.73,5,10.7382288,0.006546079,696556.0699,4063579.963
673,4.26,2.66,1.53,8.9,2.186051277,4.54,3,13.24040127,0.007740226,696539.8853,4063576.261
674,2.75,3.52,1.05,7.6,2.028148247,2.66,3,18.22702026,0.007803822,696535.3463,4063571.494
675,3.36,3.56,0.69,9.39,2.239645293,2.16,4,18.16766167,0.007636039,696541.1561,4063567.631
676,2.81,3.98,0.98,8.78,2.172476408,2.87,2,17.11103249,0.006936733,696534.4728,4063562.815
677,2.83,2.94,1.58,6.53,1.876406943,3.44,6,17.62427139,0.00691705,696532.622,4063561.663
678,3.22,3.47,1.94,8.78,2.172476408,5.67,5,18.2837162,0.007110933,696529.1659,4063568.133
679,4.28,3.76,1.9,12.64,2.536866389,8,5,18.25021553,0.007057053,696523.7308,4063563.457
680,3.74,3.9,1.03,11.46,2.438862711,3.93,7,18.28388786,0.006338396,696526.7735,4063559.419
681,2.42,2.54,0.87,4.83,1.574846468,1.4,7,16.38344574,0.005337077,696530.6152,4063555.622
682,5.15,5.08,1.97,20.55,3.022860941,13.49,5,16.14152336,0.004026522,696524.0055,4063543.703
683,5.1,5.35,1.75,21.43,3.064791809,12.5,6,16.80502701,0.003108299,696501.0108,4063552.389
684,1.4,1.55,0.92,1.7,0.530628251,0.52,6,16.80502701,0.006591541,696516.6421,4063568.511
685,5.45,3.6,2.49,15.41,2.735016649,12.79,6,11.10024929,0.005653116,696509.3546,4063578.335
686,3.13,2.85,1.08,7.01,1.947337701,2.52,5,9.5,0.003318139,696503.5574,4063581.643
687,4.05,5.26,1.49,16.73,2.817203515,8.31,6,9.234430313,0.00347691,696503.7338,4063585.643
688,4.06,3.46,1.47,11.03,2.400618833,5.41,3,14.52859783,0.0066129,696518.0133,4063574.981
689,3.93,2.89,1.55,8.92,2.188295947,4.61,5,16.76471329,0.007375423,696526.8233,4063584.508
690,4.07,2.93,1.81,9.37,2.237513096,5.65,4,12.57545567,0.00658006,696522.1444,4063589.729
691,2.57,2.26,1.25,4.56,1.517322624,1.9,6,11.81426525,0.008059699,696534.9795,4063587.471
692,3.74,3.18,1.49,9.34,2.234306252,4.64,2,11.61684608,0.007868307,696534.8341,4063589.91
693,2.53,2.93,1.56,5.82,1.761300262,3.03,8,10.29080296,0.007671465,696537.249,4063589.854
694,3.79,5.14,1.53,15.3,2.727852828,7.8,5,14.70381069,0.005892302,696549.8446,4063598.025
695,3.7,3.8,2,11.04,2.401525041,7.36,9,17.68744278,0.005569642,696537.9522,4063613.737
